<?xml version="1.0" encoding="utf-8"?>
<AUTOMATON>
    <TYPE value="DKA"/>
    <ALPHABET>
        <ITEM value="end"/>
        <ITEM value="start"/>
    </ALPHABET>
    <STACKALPHABET>
        <ITEM value="#"/>
        <ITEM value="1000"/>
    </STACKALPHABET>
    <STATE name="A" finalstate="false">
        <TRANSITION target="B"/>
    </STATE>
    <STATE name="B0" finalstate="false">
        <TRANSITION target="B1"/>
    </STATE>
    <STATE name="B1" finalstate="false">
        <TRANSITION target="B2"/>
    </STATE>
    <STATE name="B2" finalstate="false">
        <TRANSITION target="adj."/>
    </STATE>
    <STATE name="adj." finalstate="false">
        <TRANSITION target="B"/>
    </STATE>
    <STATE name="C" finalstate="true"/>
    <STATE name="B" finalstate="false">
        <TRANSITION target="B0"/>
        <TRANSITION target="C"/>
    </STATE>
    <INITIALSTATE value="A"/>
    <STACKINITIALCHAR value="#"/>
    <LAYOUT>
        <STATELAYOUT name="A">
            <LEFT value="145"/>
            <TOP value="182"/>
            <TRANSITIONLAYOUT target="B" drawvertical="true"/>
        </STATELAYOUT>
        <STATELAYOUT name="B0">
            <LEFT value="418"/>
            <TOP value="182"/>
            <TRANSITIONLAYOUT target="B1" drawvertical="true"/>
        </STATELAYOUT>
        <STATELAYOUT name="B1">
            <LEFT value="530"/>
            <TOP value="182"/>
            <TRANSITIONLAYOUT target="B2" drawvertical="true"/>
        </STATELAYOUT>
        <STATELAYOUT name="B2">
            <LEFT value="530"/>
            <TOP value="297"/>
            <TRANSITIONLAYOUT target="adj." drawvertical="true"/>
        </STATELAYOUT>
        <STATELAYOUT name="adj.">
            <LEFT value="418"/>
            <TOP value="297"/>
            <TRANSITIONLAYOUT target="B" drawvertical="true"/>
        </STATELAYOUT>
        <STATELAYOUT name="C">
            <LEFT value="145"/>
            <TOP value="297"/>
        </STATELAYOUT>
        <STATELAYOUT name="B">
            <LEFT value="283"/>
            <TOP value="236"/>
            <TRANSITIONLAYOUT target="B0" drawvertical="true"/>
            <TRANSITIONLAYOUT target="C" drawvertical="true"/>
        </STATELAYOUT>
        <NOTEPAD>
            {\rtf1\ansi\deff0{\fonttbl{\f0\fnil\fcharset0 Arial;}}
\viewkind4\uc1\pard\lang1031\fs20 
\par }

        </NOTEPAD>
        <COMMENTS>
            <COMMENT text="Setting Properties" x="107" y="116" size="10" color="$000000"/>
            <COMMENT text="Game Simulation, continued until Team reaches maxScore" x="255" y="116" size="10" color="$000000"/>
            <COMMENT text="Points &lt; 1000" x="336" y="241" size="10" color="$000000"/>
            <COMMENT text="Points &gt;= 1000" x="168" y="245" size="10" color="$000000"/>
            <COMMENT text="hand out cards" x="388" y="159" size="10" color="$000000"/>
            <COMMENT text="Exchange Stage" x="501" y="160" size="10" color="$000000"/>
            <COMMENT text="Simulating Game" x="504" y="337" size="10" color="$000000"/>
            <COMMENT text="adj. Settings" x="397" y="338" size="10" color="$000000"/>
        </COMMENTS>
    </LAYOUT>
</AUTOMATON>
